CustomerID,AvgMonthlySpend,CategoryPreference,IncomeGroup,OfferType,Age,TenureMonths,ResponseTimeDays,ClicksOnEmail,PreviousOffersAccepted,CustomerSegment,OfferAccepted
1,2897.37,Low,Low,Email,37,7,14,2,0,Individual,0
2,2389.39,Low,Low,SMS,56,26,23,2,1,Individual,0
3,3018.15,Medium,Low,Email,52,26,11,2,0,Individual,1
4,3718.42,Medium,Low,Call,25,24,24,4,1,Individual,0
5,2312.68,Low,High,Email,58,12,22,3,1,Student,0
6,2312.69,High,Medium,Call,38,16,12,0,1,Business,0
7,3763.37,Low,Medium,Email,47,23,13,2,0,Business,0
8,3113.95,Medium,Low,Email,25,40,26,1,0,Individual,0
9,2124.42,Medium,High,SMS,51,9,13,1,2,Individual,0
10,2934.05,High,Low,Email,51,32,1,1,0,Individual,0
11,2129.27,Medium,Low,Email,43,15,24,3,1,Individual,0
12,2127.42,High,Medium,SMS,32,37,10,0,2,Business,0
13,2693.57,Medium,Low,Email,23,13,3,1,0,Individual,0
14,969.38,High,Low,Email,33,5,24,4,2,Student,0
15,1120.07,Low,Medium,Email,51,11,28,1,1,Business,0
16,2050.17,High,High,Email,57,10,4,2,0,Student,1
17,1689.74,Medium,Medium,Email,39,52,16,2,1,Student,0
18,2751.4,High,Medium,SMS,47,13,8,1,2,Business,0
19,1773.58,Medium,High,SMS,28,41,16,1,0,Business,0
20,1370.16,Medium,Low,Email,22,53,27,4,1,Individual,0
21,3672.52,Medium,Low,Email,47,46,17,2,1,Individual,1
22,2319.38,Medium,Low,SMS,44,50,19,2,1,Individual,0
23,2554.02,Low,Medium,Call,47,15,22,2,0,Individual,0
24,1360.2,Low,Medium,Email,27,42,15,3,0,Individual,0
25,2064.49,Low,High,Email,27,56,16,2,0,Business,1
26,2588.74,Low,Medium,SMS,29,7,15,1,1,Student,0
27,1579.21,High,Medium,Email,45,40,25,2,0,Individual,0
28,2800.56,Low,Low,Email,43,28,2,1,0,Individual,0
29,2019.49,High,High,Email,40,32,11,2,3,Student,1
30,2266.65,Medium,High,Email,58,35,1,2,1,Individual,1
31,2018.63,Low,High,Call,39,15,15,2,2,Business,0
32,3981.82,Medium,Low,Email,52,48,26,2,0,Individual,1
33,2489.2,Medium,Medium,SMS,58,36,19,2,0,Individual,0
34,1653.83,Medium,Low,Email,51,21,4,1,2,Business,0
35,3158.04,Medium,Low,Email,54,6,11,0,0,Student,0
36,1523.33,Medium,Low,Email,31,1,5,2,2,Business,1
37,2667.09,Low,Medium,SMS,58,4,3,0,1,Individual,0
38,932.26,High,Medium,SMS,33,11,13,0,3,Individual,0
39,1437.45,High,Low,Call,51,44,10,2,2,Business,0
40,2657.49,Medium,Low,Email,48,26,11,1,1,Student,0
41,3090.77,Low,Medium,Call,30,37,18,0,2,Student,0
42,2637.09,Medium,Low,Email,42,23,2,0,1,Individual,0
43,2407.48,Low,Low,Email,33,29,7,1,1,Business,0
44,2259.12,Low,Medium,Email,50,21,9,1,0,Business,0
45,1317.18,Low,Medium,Call,54,48,10,3,1,Individual,0
46,1924.12,Medium,Low,Email,36,45,18,2,1,Business,0
47,2131.49,High,Low,Email,23,45,23,1,2,Individual,0
48,3345.7,Medium,Low,SMS,39,49,7,1,0,Student,0
49,2774.89,Medium,High,Email,24,27,27,4,2,Individual,1
50,1089.57,Medium,Medium,Email,28,39,7,2,1,Student,1
51,2759.27,Medium,Medium,SMS,39,40,3,1,1,Individual,0
52,2191.93,Medium,Low,SMS,59,13,12,1,0,Individual,0
53,1958.46,High,Medium,Email,58,23,7,1,0,Student,0
54,2989.34,Low,Low,SMS,54,59,17,0,0,Individual,0
55,3324.8,High,Medium,SMS,52,16,26,3,0,Student,0
56,3245.02,Medium,High,Email,32,30,1,2,1,Business,1
57,1828.63,Medium,Medium,Call,25,4,5,0,0,Business,0
58,2252.63,Medium,High,Email,39,40,16,5,0,Student,1
59,2765.01,Medium,Medium,SMS,25,16,15,0,2,Individual,0
60,3280.44,High,Low,SMS,55,31,2,1,1,Student,0
61,2116.66,High,High,Email,50,53,9,3,1,Student,1
62,2351.47,Medium,Low,Email,45,42,7,1,3,Business,1
63,1614.93,Low,Medium,Call,43,25,4,2,2,Individual,1
64,1543.03,Medium,Low,Email,23,44,20,2,1,Individual,0
65,3150.02,High,Low,Email,27,12,18,1,0,Individual,0
66,3584.99,Low,Medium,SMS,46,26,21,3,0,Individual,0
67,2442.39,Medium,Low,Email,42,37,4,1,1,Business,0
68,3302.83,Medium,Medium,SMS,37,48,28,2,1,Individual,0
69,2789.31,Medium,Medium,Call,52,33,13,2,1,Individual,0
70,1983.9,Low,Low,Email,35,28,1,2,1,Business,1
71,2789.12,Medium,Low,Email,49,9,28,0,0,Student,0
72,3730.43,High,Medium,SMS,53,12,24,1,1,Individual,0
73,2471.34,Low,Low,SMS,49,5,3,4,2,Student,0
74,3751.71,Low,Medium,Email,30,54,16,0,2,Individual,1
75,404.2,High,Medium,SMS,43,52,22,1,2,Business,0
76,3157.52,Low,High,Email,53,54,4,0,0,Individual,1
77,2569.64,High,Medium,SMS,26,28,25,2,2,Business,0
78,2260.79,Medium,Medium,Email,44,56,23,4,0,Student,0
79,2573.41,Low,Medium,Call,26,35,25,3,1,Business,0
80,909.94,High,Low,Email,53,5,16,0,2,Individual,0
81,2324.26,Medium,Low,Email,31,34,26,1,3,Individual,0
82,2785.69,Medium,Medium,SMS,36,46,19,0,2,Individual,0
83,3682.32,Medium,Medium,SMS,28,34,1,1,0,Business,0
84,2085.38,Medium,Medium,Email,50,13,5,3,0,Individual,0
85,1853.21,Low,High,Email,24,39,19,0,2,Individual,1
86,2098.59,Medium,High,Email,40,42,22,3,2,Business,1
87,3232.32,High,High,SMS,31,45,24,2,1,Student,1
88,2763.0,Low,Medium,SMS,49,48,11,2,1,Individual,0
89,2076.19,Medium,Low,SMS,50,58,13,1,1,Individual,0
90,2910.61,Medium,Medium,Call,36,14,20,2,0,Individual,0
91,2577.66,Medium,Low,SMS,56,11,5,1,1,Business,0
92,3274.92,Low,Medium,Email,27,42,21,1,1,Student,0
93,1938.36,High,Medium,SMS,33,38,4,6,1,Individual,0
94,2237.87,Medium,Medium,Email,59,4,4,2,1,Business,0
95,2186.31,Low,Low,Email,34,53,4,1,3,Individual,1
96,1329.19,Low,Low,Call,50,33,4,2,1,Individual,0
97,2736.9,Low,Medium,Call,40,7,20,0,1,Individual,0
98,2708.84,Medium,Low,Email,24,56,21,0,2,Individual,0
99,2504.09,Medium,High,Call,29,41,18,2,1,Business,0
100,2312.33,High,Low,Call,29,8,18,2,3,Business,0
101,1367.7,Medium,Low,Call,41,37,16,1,0,Student,0
102,2163.48,Low,Low,Call,25,51,9,0,2,Business,0
103,2225.83,Medium,Medium,SMS,42,10,18,1,2,Student,0
104,1858.18,Medium,Medium,Email,24,43,22,1,0,Business,0
105,2370.97,Low,Low,SMS,29,57,2,0,0,Student,0
106,2823.24,Low,Low,SMS,44,15,21,1,2,Individual,0
107,4008.95,Low,Medium,Call,37,38,4,0,3,Individual,1
108,2639.66,Medium,Low,Email,34,15,12,1,1,Business,0
109,2706.04,Medium,Medium,Email,24,5,7,0,2,Business,0
110,2440.44,Medium,Medium,Call,30,29,15,5,1,Business,0
111,964.98,High,Low,Call,35,19,7,4,1,Business,0
112,2478.79,High,Low,Call,34,54,29,3,1,Individual,0
113,2548.18,Medium,High,SMS,28,51,22,1,0,Individual,0
114,4470.59,High,Medium,SMS,36,10,26,1,1,Individual,0
115,2346.11,Low,Medium,Email,28,12,21,0,0,Individual,0
116,2741.24,Low,Low,SMS,59,54,17,1,1,Individual,0
117,2472.23,Low,Medium,SMS,55,4,16,3,0,Individual,0
118,1565.06,Low,Low,Email,43,31,28,2,1,Individual,0
119,3414.26,Medium,Medium,Email,45,18,19,0,3,Individual,0
120,3101.55,High,High,Email,58,16,9,1,0,Individual,1
121,3132.83,Low,Low,Email,22,40,14,3,0,Student,1
122,1772.49,Low,Low,Email,31,36,17,2,3,Business,1
123,3622.24,Medium,Low,SMS,37,25,5,1,0,Business,0
124,1378.52,High,Low,SMS,29,23,2,2,1,Individual,0
125,2969.49,Medium,Low,Email,46,12,20,1,0,Business,0
126,4252.36,Medium,Low,Email,33,34,16,2,3,Student,1
127,1707.57,Low,Medium,Email,46,36,14,2,2,Student,1
128,2046.96,Low,Medium,SMS,38,37,14,0,2,Business,0
129,2579.72,High,Low,Call,47,3,27,2,4,Business,0
130,2097.22,High,High,Email,35,9,1,1,0,Individual,0
131,1259.47,Low,Low,Email,57,53,3,1,1,Individual,0
132,2554.85,High,High,Email,44,18,26,2,2,Business,1
133,1650.16,Medium,Low,Call,27,43,7,1,1,Individual,0
134,2878.87,High,High,Email,26,35,26,1,2,Individual,1
135,1764.46,Medium,Medium,Email,46,57,15,0,2,Individual,0
136,3739.95,Medium,High,Call,39,55,19,1,0,Business,0
137,1873.4,Medium,High,Email,34,34,20,2,2,Individual,1
138,2242.35,Medium,Low,Email,35,41,2,1,0,Business,0
139,3150.81,Low,High,Email,49,14,19,3,2,Student,1
140,1515.31,Low,Low,Email,39,4,9,2,0,Individual,0
141,2681.97,Medium,Low,SMS,49,29,19,0,2,Individual,0
142,3545.71,Medium,Low,Email,48,41,27,0,1,Student,0
143,1214.01,Low,Medium,Call,53,45,5,2,2,Student,1
144,2647.71,Medium,Low,Call,30,50,18,3,3,Individual,0
145,2707.91,High,Medium,Email,53,15,16,0,1,Business,0
146,3125.46,Low,Medium,Email,41,28,4,2,1,Individual,1
147,1510.44,Medium,Medium,SMS,49,42,12,2,1,Individual,0
148,1443.63,Medium,High,Call,54,16,29,2,1,Business,0
149,2917.55,High,Medium,Call,25,12,7,0,3,Student,0
150,2737.59,Low,Low,Email,55,52,14,2,1,Business,0
151,2700.39,Medium,Low,Call,24,5,23,2,0,Business,0
152,2777.16,High,Low,Email,47,34,12,0,2,Business,0
153,1955.98,High,Low,Email,29,42,3,0,2,Individual,1
154,2685.8,Medium,Low,SMS,27,1,5,1,0,Individual,0
155,2734.46,Medium,Low,Email,37,39,17,1,1,Individual,0
156,1928.52,Medium,High,Email,45,32,26,1,0,Individual,0
157,3992.62,High,Medium,Email,51,26,10,1,1,Individual,0
158,2879.07,Medium,Low,Email,34,17,10,2,1,Individual,0
159,1546.96,Low,Medium,Call,26,48,11,3,1,Business,0
160,3025.24,High,Low,SMS,46,59,17,1,3,Student,0
161,1720.25,Medium,Medium,Email,41,27,5,3,0,Business,1
162,3129.67,Medium,Medium,Email,39,24,13,2,1,Student,0
163,3426.88,Low,Medium,Email,39,35,10,3,3,Business,1
164,1843.45,Medium,Medium,Email,23,46,9,2,0,Individual,1
165,3270.7,Medium,High,SMS,31,42,17,4,1,Business,1
166,2830.22,Medium,High,SMS,33,54,1,2,0,Business,1
167,3157.65,Low,Medium,Email,34,39,4,1,1,Student,1
168,4017.43,Medium,Medium,Email,32,26,4,1,1,Student,1
169,2303.69,High,Medium,SMS,40,49,18,0,4,Individual,0
170,1897.01,Low,Low,Email,56,38,9,1,1,Individual,0
171,1788.39,High,Low,Email,47,23,25,1,0,Individual,0
172,1847.35,Medium,Low,Email,35,22,29,3,1,Student,0
173,2438.32,High,Medium,Call,45,4,29,1,1,Individual,0
174,2772.92,Medium,Medium,SMS,22,49,18,0,1,Individual,0
175,2721.35,Medium,Low,SMS,43,59,14,2,0,Individual,0
176,3161.75,Medium,High,Email,44,9,25,0,0,Individual,0
177,2510.4,High,High,Email,40,4,15,0,0,Student,0
178,3662.83,Medium,Medium,Email,39,7,6,2,0,Business,1
179,2288.27,Medium,Medium,Call,33,23,24,2,1,Business,0
180,4676.14,Medium,High,Call,49,2,10,1,1,Individual,0
181,3000.53,High,Low,Call,49,49,29,1,2,Individual,0
182,1814.27,Medium,Medium,Email,54,24,15,0,1,Business,0
183,1643.29,Medium,Low,Email,40,40,29,1,1,Individual,0
184,2885.98,Medium,Medium,Email,49,55,4,1,2,Student,1
185,2321.23,High,Low,SMS,58,31,18,1,1,Business,0
186,3071.2,Low,High,Email,47,47,18,4,2,Individual,1
187,2878.59,Medium,High,SMS,56,31,25,2,0,Individual,0
188,2441.74,Low,Low,Call,55,47,17,2,2,Individual,0
189,1822.57,Medium,Medium,Email,56,40,12,1,0,Student,0
190,1288.12,Medium,High,Email,37,48,7,5,2,Individual,1
191,2142.79,Medium,Medium,Email,59,51,16,1,1,Individual,0
192,3185.12,Medium,High,SMS,34,43,11,3,1,Individual,1
193,2671.27,Medium,Medium,SMS,44,34,14,1,3,Individual,0
194,1503.41,Medium,Low,Email,43,55,3,2,0,Individual,1
195,2638.54,Low,Low,SMS,37,24,19,2,1,Student,0
196,2808.25,Medium,Low,Email,49,49,18,0,2,Individual,0
197,1792.91,Low,Medium,Call,56,26,10,1,0,Business,0
198,2622.98,Low,Low,Call,29,16,6,3,0,Business,0
199,2546.57,Medium,Medium,Email,43,57,13,2,3,Business,1
200,1585.62,Medium,Medium,SMS,42,47,10,2,1,Business,0
201,2786.23,Medium,Medium,Call,47,13,18,2,0,Student,0
202,2948.63,Medium,High,Call,42,15,26,0,1,Individual,0
203,3366.44,Medium,High,SMS,46,27,20,4,0,Individual,1
204,3343.04,High,Medium,Email,22,4,26,0,2,Individual,0
205,1397.86,Medium,High,SMS,27,16,16,2,1,Student,0
206,1749.74,Medium,Medium,Call,44,30,25,1,4,Individual,0
207,2912.03,Low,Medium,Call,44,44,25,0,1,Student,0
208,2911.03,Medium,High,SMS,44,30,6,0,1,Individual,0
209,2912.04,Medium,Low,Call,53,36,13,2,1,Student,0
210,5582.19,Medium,Low,Email,51,3,4,2,2,Individual,1
211,2956.71,Medium,High,Call,34,22,23,0,1,Business,0
212,3408.45,Medium,Medium,Email,39,49,14,0,0,Individual,0
213,3263.2,Medium,High,Call,44,22,1,2,2,Individual,1
214,3021.11,Medium,High,SMS,36,50,28,2,1,Business,1
215,2247.78,High,Low,Email,54,57,20,1,0,Individual,0
216,3107.18,Medium,High,SMS,42,50,5,2,2,Individual,1
217,1881.74,High,Medium,Call,44,55,8,1,1,Business,0
218,2310.55,Low,Medium,Call,48,49,12,3,1,Student,0
219,2111.71,Low,Medium,Call,39,12,2,1,0,Individual,0
220,2565.5,Low,High,Call,45,55,12,1,0,Student,0
221,4351.73,Medium,Low,SMS,28,21,5,6,1,Individual,0
222,1006.19,High,Medium,Email,41,56,22,1,3,Individual,0
223,3049.01,Low,Medium,SMS,48,4,5,1,1,Individual,0
224,1209.83,High,Medium,SMS,27,31,13,2,1,Individual,0
225,2122.45,Low,Medium,SMS,48,44,9,0,5,Student,0
226,3371.16,High,Low,Email,30,31,10,1,3,Business,1
227,2551.42,Medium,Low,SMS,52,58,1,0,3,Student,0
228,1637.8,Low,Low,SMS,42,23,3,0,2,Student,0
229,1927.76,Medium,High,SMS,47,54,18,1,2,Individual,0
230,3043.68,Low,Low,SMS,34,53,12,3,1,Student,0
231,1915.71,Low,Low,Call,44,20,29,2,1,Individual,0
232,2673.17,Medium,High,Email,41,15,3,0,0,Student,0
233,2536.46,High,Low,Call,58,23,26,2,3,Individual,0
234,1978.72,Medium,High,Email,49,28,25,1,1,Business,0
235,4215.16,Medium,Medium,SMS,38,16,29,3,1,Student,0
236,3007.14,Medium,High,Email,49,37,9,2,1,Individual,1
237,879.89,Medium,Low,Email,23,21,26,1,0,Individual,0
238,2649.16,Low,Low,SMS,46,15,2,0,1,Individual,0
239,1970.57,Medium,Medium,SMS,27,17,3,3,0,Business,0
240,3181.95,Low,High,SMS,32,50,14,3,3,Individual,1
241,1865.98,Low,Medium,SMS,59,37,4,2,3,Student,1
242,2408.21,Medium,Low,Email,27,13,25,2,3,Business,0
243,2903.99,Low,Medium,Email,32,19,19,0,0,Business,0
244,3192.6,Medium,Medium,SMS,35,30,13,0,0,Business,0
245,1539.76,Medium,Medium,SMS,23,45,7,1,0,Individual,0
246,2232.4,Low,Medium,Call,24,18,12,1,1,Individual,0
247,2120.04,Medium,High,SMS,56,14,3,1,0,Individual,0
248,1977.34,Low,Medium,Email,54,36,23,1,0,Student,0
249,3912.36,High,Low,Call,45,36,23,2,0,Individual,0
250,2823.99,Medium,Medium,SMS,40,20,9,1,0,Business,0
251,1491.29,High,Low,SMS,39,52,2,2,2,Student,1
252,3234.29,Medium,Medium,Email,45,19,29,0,1,Individual,0
253,4197.72,Low,Medium,Email,56,45,22,2,0,Individual,1
254,3325.97,Medium,Low,Email,22,44,9,1,3,Individual,1
255,1284.5,High,Low,Call,57,7,12,1,0,Student,0
256,2112.61,Medium,Low,SMS,46,57,12,3,3,Individual,0
257,3513.53,High,High,Email,55,44,15,1,3,Individual,1
258,1933.86,High,High,Email,46,53,2,2,3,Individual,1
259,2855.06,Low,Low,SMS,37,4,18,0,2,Business,0
260,3119.71,Low,High,Email,55,59,13,1,2,Individual,1
261,1758.46,Medium,Medium,SMS,50,34,14,1,2,Individual,0
262,2452.38,Medium,Low,Email,40,2,5,1,3,Business,0
263,300.0,High,Low,SMS,44,5,26,2,1,Business,0
264,1680.49,High,Medium,Email,40,55,10,1,1,Business,0
265,2297.95,Medium,Medium,Email,46,10,12,2,2,Individual,0
266,1501.77,Low,Medium,Call,37,32,10,2,0,Student,0
267,3805.93,Medium,Low,SMS,30,42,24,2,2,Student,1
268,1355.89,Low,Low,Email,22,41,11,1,3,Individual,0
269,2147.96,High,Medium,Email,40,13,25,1,1,Individual,0
270,2604.59,Medium,Low,Email,54,39,2,0,1,Student,0
271,3653.02,Medium,Low,Email,55,5,5,1,3,Business,1
272,1351.31,Low,Low,Email,37,58,7,0,0,Individual,0
273,3430.53,Medium,High,Email,39,10,6,1,0,Individual,1
274,2508.19,Medium,High,Call,55,10,22,2,2,Business,0
275,1714.79,Medium,Medium,Email,46,38,23,1,3,Student,0
276,2869.68,Low,High,Email,27,27,3,0,2,Student,1
277,2659.25,Medium,Low,Call,42,51,13,1,0,Business,0
278,2019.83,High,Medium,Call,27,21,3,2,1,Business,0
279,2555.84,Low,Low,Call,53,8,26,2,1,Business,0
280,2191.75,Low,Medium,Email,52,1,25,0,1,Individual,0
281,2590.81,Low,High,SMS,31,28,24,2,1,Individual,0
282,3029.7,Medium,Medium,Email,51,49,21,2,0,Individual,1
283,3768.81,Medium,Low,Email,39,39,6,1,1,Business,1
284,1509.75,Medium,Medium,Email,45,14,11,0,1,Student,0
285,4206.43,Low,Low,Email,30,21,28,1,3,Individual,0
286,938.33,Medium,High,Call,52,30,26,2,0,Business,0
287,2378.57,Medium,Medium,Email,36,21,17,2,0,Individual,0
288,2970.65,Medium,Medium,Call,25,49,10,3,0,Individual,0
289,2724.79,High,Medium,Email,30,9,12,2,0,Individual,0
290,2001.84,Low,Medium,Email,30,17,17,1,1,Business,0
291,2333.5,Medium,Low,Email,47,5,4,0,1,Business,0
292,2105.6,Medium,Medium,Email,25,58,2,2,1,Student,1
293,2028.51,Medium,Low,SMS,38,57,11,0,0,Student,0
294,3179.68,Medium,Medium,SMS,37,31,7,2,1,Individual,1
295,2785.61,Medium,High,Call,36,52,2,4,0,Individual,1
296,1945.67,High,High,SMS,56,40,26,2,2,Individual,1
297,3219.68,Low,Medium,Email,26,38,18,0,0,Individual,0
298,2745.84,Low,Medium,Email,26,43,21,2,4,Individual,1
299,3150.29,Medium,Low,Email,41,19,4,1,0,Student,0
300,3003.7,Medium,Medium,Email,36,36,8,1,1,Individual,1
301,1836.8,Low,Low,SMS,39,50,20,2,2,Individual,0
302,2051.86,Low,Medium,Email,23,33,14,3,4,Individual,1
303,3097.83,Low,Low,Email,50,13,12,0,0,Student,0
304,2988.3,High,Low,Email,34,14,22,4,2,Individual,0
305,2483.28,Low,Medium,SMS,25,56,21,1,1,Business,0
306,2593.86,Medium,Low,Email,31,33,27,0,0,Individual,0
307,3522.13,Low,Medium,SMS,52,29,18,0,1,Individual,0
308,2026.74,Medium,Low,SMS,29,43,11,2,1,Individual,0
309,2937.68,Low,Low,SMS,24,49,29,0,1,Individual,0
310,2338.25,Medium,Medium,SMS,30,36,28,4,1,Student,0
311,2325.86,Low,Low,Call,51,58,8,1,0,Individual,0
312,3379.02,High,Low,SMS,32,44,2,0,1,Student,0
313,3160.33,Low,Medium,Call,56,10,25,3,2,Business,0
314,3150.81,Medium,Low,Call,58,31,15,1,2,Student,0
315,3544.38,High,High,Email,34,6,9,1,0,Individual,1
316,2516.8,Medium,Low,SMS,57,57,19,1,2,Individual,0
317,3045.56,Medium,Low,Email,34,1,20,1,1,Individual,0
318,2251.79,Medium,Medium,Email,33,7,8,2,2,Business,1
319,2759.33,Medium,Low,Email,58,58,25,0,1,Individual,0
320,2395.89,Medium,Low,SMS,31,27,19,2,0,Individual,0
321,2577.6,High,Low,Email,30,21,5,4,2,Business,1
322,2976.13,Medium,Low,Call,28,28,11,0,2,Individual,0
323,1845.42,Medium,High,Email,23,16,15,2,2,Individual,1
324,4173.91,Medium,Low,SMS,44,56,8,1,5,Business,1
325,1695.19,Medium,Medium,Email,42,46,19,2,2,Business,1
326,1528.65,Low,High,SMS,44,23,23,1,0,Individual,0
327,3426.49,Medium,Medium,SMS,50,52,27,2,2,Individual,1
328,3133.33,High,High,Call,35,20,8,2,3,Student,1
329,2999.3,Low,Low,SMS,47,38,26,0,1,Student,0
330,3002.68,Medium,High,SMS,26,54,27,3,0,Individual,1
331,2490.2,Low,Low,SMS,52,25,19,0,1,Individual,0
332,1782.2,Medium,Medium,Call,46,28,18,3,3,Individual,0
333,2560.64,Low,Medium,Email,52,5,10,2,0,Individual,0
334,1958.27,Medium,Low,Email,41,56,29,1,0,Business,0
335,3280.1,Medium,Medium,Email,38,21,7,5,1,Individual,1
336,2382.35,Medium,Medium,SMS,23,18,28,0,0,Individual,0
337,1839.6,Medium,Low,Email,46,47,9,1,1,Business,0
338,2242.89,Medium,Low,Email,34,6,1,1,1,Individual,0
339,2830.35,High,Medium,SMS,49,57,19,0,0,Student,0
340,2049.02,Low,Medium,Email,27,29,5,1,0,Individual,0
341,1842.22,Medium,High,Call,24,19,19,1,1,Individual,0
342,2694.95,Low,Medium,SMS,56,33,1,1,3,Student,0
343,2695.97,High,High,SMS,39,1,15,2,1,Individual,0
344,2094.45,High,Medium,SMS,32,45,16,2,2,Business,0
345,2123.17,Medium,Low,SMS,41,3,23,1,1,Individual,0
346,2685.64,High,Low,Call,26,42,7,1,0,Individual,0
347,1341.53,Medium,Medium,Email,40,21,26,2,0,Individual,0
348,1374.03,Medium,Medium,Email,43,35,12,0,1,Business,0
349,1925.24,Low,Low,Email,40,41,8,0,0,Individual,0
350,2329.24,Medium,Low,SMS,37,40,5,2,1,Student,0
351,2748.73,Low,High,Email,45,3,10,1,1,Individual,0
352,3680.28,High,Medium,Email,25,25,28,1,0,Student,0
353,3186.13,Medium,Medium,Email,36,45,21,1,1,Individual,0
354,2372.05,Medium,Medium,Call,46,38,5,0,1,Student,0
355,2484.79,Low,Low,Email,56,45,17,0,1,Business,0
356,1697.98,Medium,Low,Email,35,55,26,2,2,Individual,1
357,2485.19,Low,Low,Call,40,20,5,0,1,Business,0
358,2269.07,Medium,Low,SMS,59,52,22,0,1,Individual,0
359,2758.17,Low,Medium,SMS,57,44,15,1,1,Individual,0
360,1838.22,High,Medium,SMS,28,45,13,3,2,Individual,0
361,2915.48,Medium,High,Email,51,34,28,0,2,Student,1
362,3726.19,Medium,High,Email,40,21,1,3,0,Student,1
363,2412.99,Medium,Low,Email,46,56,11,3,3,Business,1
364,2821.37,Medium,Medium,Call,37,55,23,2,0,Individual,0
365,3052.12,Medium,Medium,Email,29,48,1,1,1,Individual,1
366,2179.02,Medium,High,Email,39,23,11,1,0,Individual,0
367,2679.27,High,Low,SMS,49,6,18,2,0,Student,0
368,2510.07,Medium,Medium,SMS,37,51,18,1,1,Individual,0
369,2578.14,High,Medium,Email,40,53,21,3,0,Student,0
370,1881.59,High,Low,Email,38,13,26,1,1,Business,0
371,2519.61,Low,Low,Call,34,49,16,1,0,Individual,0
372,2898.4,High,Medium,SMS,28,23,13,1,0,Individual,0
373,3660.91,Low,Medium,SMS,48,9,7,3,1,Business,0
374,3267.42,High,Low,Email,31,17,1,2,0,Individual,1
375,4222.55,Medium,Medium,SMS,55,2,26,0,2,Student,0
376,1886.12,High,Low,SMS,57,19,16,3,1,Individual,0
377,3197.86,High,Medium,Email,46,19,1,2,1,Individual,1
378,2646.67,High,Low,SMS,27,56,17,2,0,Individual,0
379,4251.84,Medium,High,Email,45,7,6,3,1,Business,1
380,1853.36,Medium,Low,SMS,39,54,2,2,2,Business,1
381,1828.22,Low,Low,SMS,44,42,17,1,1,Individual,0
382,2020.49,Medium,Low,Email,27,42,6,3,0,Business,1
383,800.88,Low,Low,Call,50,59,14,3,2,Student,0
384,2079.4,Medium,Medium,Email,46,20,18,1,4,Individual,0
385,1892.69,Medium,Low,Email,38,9,6,3,2,Student,1
386,2620.32,High,High,SMS,45,17,10,2,0,Individual,0
387,2773.4,Medium,Low,Email,32,27,24,2,4,Student,1
388,4000.94,High,Low,SMS,47,47,18,2,0,Individual,0
389,3260.34,Low,Low,Email,55,2,27,2,0,Individual,0
390,2038.48,High,Low,Email,49,36,9,4,0,Student,1
391,1781.27,High,Low,Call,24,19,8,1,3,Individual,0
392,2893.54,Medium,Medium,Email,32,17,28,1,0,Business,0
393,1443.81,Medium,Medium,SMS,59,5,10,1,0,Individual,0
394,3965.17,Medium,Medium,SMS,35,39,17,2,0,Student,0
395,3443.55,Low,Medium,Call,47,18,23,0,1,Individual,0
396,2124.66,Medium,Medium,Email,42,53,29,1,0,Individual,0
397,1129.49,Medium,Low,Email,51,54,26,0,1,Individual,0
398,3583.1,Low,Medium,SMS,29,59,6,4,1,Student,1
399,2408.37,Medium,High,Email,41,7,14,2,1,Business,0
400,3490.25,Low,Medium,SMS,53,17,22,4,1,Individual,0
401,1224.46,Low,Medium,Call,43,39,22,2,2,Business,0
402,2020.5,Low,Low,Email,28,36,6,1,2,Individual,1
403,2504.19,High,Medium,Call,30,40,26,1,0,Individual,0
404,2537.58,Medium,Medium,SMS,22,45,7,3,1,Business,0
405,2139.95,High,Medium,Email,50,4,12,3,0,Business,0
406,2998.28,Medium,High,Email,29,38,3,1,1,Individual,1
407,1645.9,Medium,Low,Email,25,25,14,0,0,Business,0
408,2386.1,Medium,Low,Call,56,5,22,2,2,Business,0
409,2596.24,Medium,Medium,Call,24,30,19,3,2,Student,0
410,2911.55,Low,High,Call,28,12,23,2,1,Individual,0
411,3069.29,Medium,Low,Email,48,4,16,0,3,Individual,0
412,1600.29,Low,Low,SMS,22,24,7,0,2,Student,0
413,1272.71,Medium,Low,SMS,48,29,8,2,2,Business,1
414,3522.14,Medium,Low,Call,37,9,18,0,2,Individual,0
415,2765.85,Low,Medium,SMS,59,4,25,1,1,Individual,0
416,1901.21,Low,Medium,Email,28,51,13,1,2,Individual,0
417,3740.92,Medium,Low,Email,44,24,21,0,1,Student,0
418,2592.54,Medium,Low,Email,32,14,9,1,1,Student,0
419,3443.44,Low,Low,Call,54,5,10,1,1,Individual,0
420,2554.01,High,Low,Email,57,18,21,2,0,Business,0
421,4148.6,Low,Medium,Email,58,42,23,2,0,Business,1
422,3904.27,Medium,High,SMS,38,57,27,0,0,Individual,0
423,2300.83,High,High,Email,56,19,9,3,2,Business,1
424,3277.26,Low,Low,SMS,26,12,15,0,3,Individual,0
425,3016.3,Low,High,Email,53,18,20,1,1,Individual,0
426,3594.91,Low,Medium,Call,24,17,2,2,2,Business,1
427,1728.06,Medium,Medium,Call,56,30,25,3,1,Student,0
428,3048.84,Low,Medium,SMS,35,24,13,0,2,Business,0
429,3346.74,Medium,Low,Email,52,11,2,1,1,Individual,0
430,1093.01,Low,Low,Call,52,35,19,1,3,Individual,0
431,1553.39,Medium,Low,SMS,38,23,26,1,0,Individual,0
432,868.61,High,Low,SMS,45,17,2,1,0,Individual,0
433,2284.47,High,Low,SMS,44,1,3,1,0,Business,0
434,3074.03,Medium,Medium,Email,39,15,6,1,1,Individual,0
435,3701.89,Medium,Medium,SMS,35,32,3,3,2,Individual,1
436,2559.28,Medium,Medium,Call,36,9,10,0,0,Student,0
437,3802.89,Medium,Low,Email,36,15,24,2,0,Individual,0
438,1395.92,Medium,High,Email,27,28,27,1,1,Individual,0
439,1137.29,Low,High,SMS,48,24,6,1,0,Individual,0
440,2455.56,High,Medium,Email,36,35,23,3,2,Student,1
441,2807.25,Medium,High,Email,57,22,16,2,1,Business,0
442,2473.84,Low,Medium,Email,29,27,17,0,2,Individual,0
443,846.05,Medium,High,Email,36,19,19,0,1,Individual,0
444,2428.7,Medium,Low,Email,24,45,3,0,0,Individual,0
445,1456.42,High,Low,Call,34,12,18,1,1,Business,0
446,3035.74,Medium,Low,Call,55,20,7,1,1,Individual,0
447,2793.28,Medium,Low,Email,45,1,9,3,1,Business,0
448,1748.1,Low,Low,SMS,53,21,20,1,1,Individual,0
449,2088.91,Medium,Medium,SMS,53,49,12,1,0,Individual,0
450,1652.63,Medium,Medium,SMS,51,45,5,2,3,Student,1
451,2449.86,Low,Medium,Email,34,1,3,2,0,Individual,0
452,3264.11,Low,Low,Email,22,10,11,1,2,Business,0
453,1711.42,Medium,High,Email,55,47,25,3,1,Business,1
454,2903.24,Low,Medium,Call,36,59,4,0,5,Student,0
455,2075.79,Medium,Low,Call,35,59,5,2,1,Business,0
456,1865.7,Low,Medium,Call,50,32,1,3,1,Individual,0
457,2414.38,Low,Low,Email,55,39,27,3,1,Business,0
458,1671.81,Low,Low,Email,39,22,28,2,2,Individual,0
459,2057.08,High,High,SMS,28,18,29,2,1,Individual,0
460,1541.7,High,Low,SMS,50,48,18,3,1,Individual,0
461,4071.78,High,Medium,SMS,52,46,12,1,1,Individual,0
462,2528.21,Medium,High,Email,46,32,13,0,0,Student,0
463,1940.22,Low,Medium,Email,59,27,9,1,1,Individual,0
464,2671.18,Medium,Low,Call,35,28,2,1,1,Individual,0
465,2410.14,Medium,Low,SMS,29,18,5,1,1,Student,0
466,2323.22,High,Low,Email,48,59,13,3,1,Student,0
467,2991.33,Low,Medium,Email,23,39,16,0,1,Individual,0
468,3106.01,Medium,Medium,SMS,38,49,16,2,2,Student,1
469,2075.6,Low,Low,Email,58,29,24,1,0,Business,0
470,2039.35,Medium,High,SMS,35,18,3,2,0,Individual,0
471,2279.96,Medium,Medium,Email,46,44,22,0,0,Student,0
472,658.46,Medium,Low,Email,51,8,4,0,0,Business,0
473,1287.85,Medium,Medium,SMS,50,54,11,2,0,Business,0
474,3593.5,Medium,Medium,SMS,41,31,23,0,1,Individual,0
475,3815.97,Medium,Low,Email,42,34,26,2,1,Individual,1
476,2300.77,Medium,Low,Call,43,7,14,1,2,Individual,0
477,2961.25,High,High,Email,56,36,29,2,0,Individual,1
478,2749.0,High,Medium,Email,58,18,3,2,0,Student,0
479,4963.1,Medium,Medium,Email,37,38,16,1,0,Individual,0
480,3395.66,Medium,Medium,Call,38,59,22,2,1,Business,0
481,2397.67,Medium,Low,Call,37,9,15,0,0,Student,0
482,1735.57,Medium,Low,Email,23,59,28,0,0,Business,0
483,1214.84,Low,Medium,Email,25,9,10,1,2,Business,0
484,2662.77,High,Low,Call,42,46,9,2,1,Business,0
485,1894.92,Low,Low,Email,55,8,11,1,0,Individual,0
486,1362.2,High,High,Email,51,51,16,0,1,Business,0
487,1982.74,Medium,High,SMS,27,35,10,1,1,Business,0
488,1634.76,Medium,Medium,Call,38,18,17,1,1,Individual,0
489,3849.71,Medium,High,Call,46,5,19,1,1,Business,0
490,3205.31,High,Low,SMS,26,14,2,0,1,Individual,0
491,2493.62,Medium,High,Email,26,28,24,0,1,Student,0
492,3683.96,Medium,Low,Email,41,30,23,1,0,Individual,0
493,2561.89,Low,High,SMS,37,4,2,1,0,Business,0
494,1810.97,Medium,High,Call,58,39,6,0,3,Business,1
495,3718.5,Low,Medium,SMS,30,20,19,1,2,Student,0
496,2931.13,Medium,High,SMS,26,25,8,0,1,Business,0
497,1670.2,Medium,Medium,Email,23,28,26,1,3,Student,0
498,2347.73,Medium,Low,Email,30,12,29,2,0,Business,0
499,1799.51,Low,Medium,SMS,57,2,3,1,2,Student,0
500,1393.76,Low,Medium,Email,43,43,26,2,0,Individual,0
501,3240.94,Medium,Low,Email,43,14,14,4,0,Individual,0
502,4027.53,Low,Medium,SMS,43,22,25,1,1,Individual,0
503,1381.15,Low,High,SMS,55,31,16,1,1,Individual,0
504,2950.38,Low,Low,Email,50,23,1,2,1,Individual,0
505,1979.49,High,Medium,SMS,59,48,21,2,0,Individual,0
506,2110.3,Medium,High,Call,54,20,3,1,1,Individual,0
507,2026.08,Medium,High,Call,39,38,22,1,0,Business,0
508,1808.81,Low,High,Call,28,55,26,2,0,Business,0
509,2538.82,Medium,Medium,SMS,22,4,18,2,0,Individual,0
510,1835.24,Medium,High,Call,54,15,9,2,2,Business,1
511,2716.37,Medium,Medium,Email,22,24,6,0,2,Individual,0
512,2459.81,Low,Low,Email,45,25,23,1,2,Business,0
513,2308.84,Low,Medium,SMS,25,1,21,2,0,Individual,0
514,1773.95,Low,Medium,SMS,25,7,25,3,0,Business,0
515,2038.58,Medium,Low,Email,39,57,1,1,0,Individual,0
516,3104.31,Medium,Medium,Email,48,31,21,2,2,Business,1
517,2900.73,Low,Medium,SMS,53,12,27,0,3,Business,0
518,1717.96,Low,Low,Email,54,42,10,1,1,Business,0
519,2579.47,Low,Medium,SMS,49,5,27,3,0,Student,0
520,3101.11,High,Medium,Email,57,44,6,0,0,Business,1
521,1164.48,Low,Medium,Email,27,50,23,2,2,Individual,1
522,2934.69,Medium,Low,Call,37,42,12,1,2,Business,0
523,1969.9,Medium,Low,Call,55,38,4,3,0,Business,0
524,2956.48,Medium,Low,Email,44,12,28,0,2,Individual,0
525,1889.39,Low,High,Email,45,39,13,2,2,Individual,1
526,1056.09,Low,Low,Email,34,18,17,1,0,Student,0
527,1197.97,Medium,Medium,Call,39,2,27,0,0,Student,0
528,2538.47,Medium,Low,Email,34,10,8,1,1,Individual,0
529,2707.78,Medium,Low,SMS,58,15,26,2,2,Individual,0
530,1776.55,Medium,High,SMS,38,30,20,2,3,Individual,1
531,3010.87,Low,Medium,Email,36,44,3,1,3,Individual,1
532,1170.78,High,Low,Email,39,58,12,0,1,Student,0
533,2447.14,Medium,Medium,Call,44,17,7,0,0,Individual,0
534,1531.19,Low,Low,SMS,51,4,12,1,2,Individual,0
535,1978.53,High,Medium,Email,55,7,2,3,2,Business,1
536,2537.92,Medium,Medium,Call,25,41,24,1,1,Business,0
537,1811.67,Medium,Low,Call,24,31,14,0,1,Student,0
538,2192.36,Medium,Low,Email,28,51,22,0,3,Individual,0
539,3305.03,High,Low,Email,39,59,23,2,0,Individual,1
540,2038.49,Medium,High,Email,28,55,5,0,1,Business,1
541,3168.55,Low,High,Call,27,39,9,1,0,Student,1
542,1596.23,Medium,Low,SMS,43,55,21,4,1,Business,0
543,2923.84,High,Medium,Call,22,34,11,2,0,Student,0
544,3653.25,Low,Low,Email,25,6,5,0,1,Business,0
545,522.68,Medium,Low,Email,50,50,3,2,2,Student,1
546,1862.48,Medium,Medium,SMS,42,38,27,2,2,Individual,0
547,2961.66,Medium,High,Email,47,45,17,4,0,Business,1
548,2337.56,Medium,High,Email,35,58,2,1,2,Individual,1
549,2796.92,High,Medium,SMS,30,51,24,1,3,Individual,0
550,2016.81,Low,Low,Email,33,34,1,0,0,Business,0
551,2569.27,Low,Medium,Call,27,44,7,1,1,Student,0
552,2375.46,Low,Low,Email,41,15,14,0,4,Individual,0
553,3434.23,High,Medium,Email,45,14,5,4,1,Individual,1
554,2703.54,Medium,Low,SMS,48,6,19,1,3,Business,0
555,2770.08,Low,Medium,Email,59,50,28,0,2,Individual,0
556,2170.5,High,Low,SMS,29,37,28,2,2,Student,0
557,2109.92,High,Low,Email,22,50,11,2,2,Individual,1
558,2153.95,High,High,Call,45,32,23,0,1,Student,0
559,2815.56,High,Low,Email,28,3,25,3,0,Student,0
560,2163.21,Low,Medium,SMS,40,3,2,1,1,Business,0
561,2731.82,Medium,Low,Email,43,22,8,0,4,Business,0
562,4160.32,Medium,Low,Email,56,22,9,2,1,Student,1
563,3196.9,High,Low,Email,51,10,27,0,2,Individual,0
564,2239.18,Medium,Low,Call,50,51,3,2,1,Business,0
565,3460.97,Medium,High,Call,43,3,2,1,2,Business,1
566,2173.54,Medium,Low,Email,32,12,7,1,2,Individual,0
567,869.5,Low,High,Email,41,29,5,0,0,Individual,1
568,1693.53,Medium,Medium,SMS,50,48,21,1,1,Business,0
569,1003.37,High,Medium,SMS,55,17,26,2,0,Business,0
570,2218.79,High,Medium,Email,22,7,5,1,4,Student,0
571,2514.73,Low,Medium,Email,52,13,20,4,0,Individual,0
572,3841.15,Low,Medium,Email,51,56,13,0,1,Individual,0
573,2761.54,Low,Low,Email,39,2,21,3,1,Individual,0
574,2324.72,Medium,Low,SMS,38,4,29,3,0,Individual,0
575,3163.52,High,High,Email,59,10,20,1,1,Individual,0
576,731.09,Low,High,SMS,35,39,29,2,0,Individual,0
577,2688.49,Medium,High,SMS,44,24,6,1,1,Business,0
578,3116.69,High,Medium,Call,46,17,20,0,0,Individual,0
579,1317.13,Medium,Medium,SMS,36,52,18,0,1,Individual,0
580,3415.0,Medium,Medium,Email,43,6,25,1,1,Student,0
581,2770.8,Medium,Medium,SMS,24,19,2,1,1,Individual,0
582,2167.77,Medium,Low,Call,40,5,25,0,1,Student,0
583,3006.23,Low,Medium,Email,55,32,26,2,3,Student,1
584,4316.55,Medium,Low,SMS,56,10,6,1,0,Business,0
585,2645.49,Medium,Low,Email,22,9,9,0,1,Individual,0
586,2698.58,High,High,Email,42,27,25,0,3,Individual,1
587,2132.51,Medium,Low,Call,50,13,3,0,3,Student,0
588,1820.12,Medium,Low,SMS,27,19,1,4,0,Individual,0
589,3164.27,Low,Low,Call,58,21,1,2,1,Individual,0
590,1815.13,Medium,High,Call,22,24,19,3,2,Individual,0
591,2557.25,Low,Medium,Call,22,38,5,1,1,Business,0
592,2117.87,Low,Medium,Email,48,4,13,2,0,Business,0
593,2883.18,Medium,High,Email,42,24,19,3,0,Individual,0
594,2766.93,High,High,Email,37,59,12,3,1,Individual,1
595,3330.03,Low,Low,Email,47,35,16,0,0,Individual,0
596,2091.99,Medium,Medium,Email,37,3,25,0,1,Individual,0
597,2284.1,High,Medium,Email,49,4,25,3,1,Business,0
598,1716.99,Low,Medium,Email,22,57,19,0,0,Individual,0
599,2144.57,Medium,Low,Email,57,37,3,2,0,Business,1
600,2801.84,Medium,High,Call,31,40,12,2,1,Student,0
601,3105.59,Medium,Medium,SMS,38,48,5,2,3,Student,1
602,1762.27,Low,Low,Call,44,54,2,3,0,Individual,0
603,3195.68,Medium,Medium,Email,28,35,22,1,4,Business,1
604,3584.51,Medium,Low,Call,28,31,7,3,0,Business,1
605,2830.75,Medium,Low,Email,36,56,13,0,0,Individual,0
606,4001.44,Low,Medium,Email,55,44,25,0,0,Individual,0
607,1880.97,Medium,Low,Call,25,25,15,3,1,Individual,0
608,1504.28,Low,Medium,SMS,35,40,22,0,2,Business,0
609,1077.02,Medium,Medium,Call,35,13,3,1,2,Individual,0
610,3696.84,Low,Low,Email,37,4,28,1,0,Individual,0
611,3023.49,High,High,Email,28,46,21,1,1,Individual,1
612,2455.53,Medium,Low,Email,53,14,20,3,0,Individual,0
613,2723.97,Medium,Low,Email,40,13,5,1,1,Business,0
614,1599.61,Low,Low,Email,23,27,24,2,1,Individual,0
615,4456.6,Medium,Low,SMS,31,6,8,0,2,Student,0
616,2603.38,High,Low,SMS,38,17,22,2,0,Individual,0
617,2587.52,High,Medium,SMS,58,36,1,1,0,Student,0
618,3080.61,Medium,High,Call,33,40,8,0,1,Individual,1
619,2884.81,Medium,Low,Call,27,49,24,1,2,Business,0
620,2679.11,Medium,Medium,Email,43,35,18,2,2,Individual,1
621,1867.62,High,Medium,Email,53,17,20,1,1,Individual,0
622,2877.17,Medium,High,Email,41,41,28,1,2,Individual,1
623,4005.62,Medium,Medium,Email,22,2,16,1,1,Business,0
624,3576.34,Medium,Low,Call,27,57,18,2,0,Individual,0
625,3774.55,Medium,Low,Call,40,13,20,2,2,Business,0
626,2091.03,Low,Medium,Email,39,52,12,0,1,Business,0
627,1708.32,Medium,High,Email,27,2,13,1,3,Individual,0
628,2399.37,Medium,Low,SMS,54,52,13,1,1,Individual,0
629,2544.58,Medium,Low,Call,44,28,10,1,1,Student,0
630,3375.35,Low,High,SMS,44,43,7,2,2,Individual,1
631,1146.03,Medium,High,Email,47,59,25,1,0,Individual,0
632,3723.64,Medium,High,Email,34,26,14,2,0,Individual,1
633,2373.59,Medium,Medium,Email,28,22,24,1,2,Individual,0
634,2158.5,Low,Low,SMS,36,47,16,1,2,Business,0
635,1690.32,Medium,Medium,Call,48,43,15,3,3,Student,0
636,1176.11,Medium,Medium,SMS,47,55,12,1,0,Individual,0
637,3158.54,Medium,Low,Email,54,3,9,0,1,Student,0
638,2558.65,Medium,Medium,SMS,36,35,8,3,0,Individual,0
639,1468.03,Medium,Medium,Email,57,58,18,1,1,Business,0
640,1463.94,High,Low,Email,48,12,23,1,1,Individual,0
641,2231.37,Low,Medium,Email,26,24,18,2,4,Business,0
642,3835.22,High,Medium,SMS,23,5,13,1,2,Individual,0
643,2292.33,Medium,High,SMS,54,20,28,2,0,Business,0
644,1297.49,Low,Low,Email,37,39,27,2,0,Individual,0
645,2303.41,Low,Low,Email,44,39,18,0,0,Student,0
646,2281.82,Medium,Medium,Call,59,13,15,1,0,Individual,0
647,342.49,Medium,Low,SMS,37,41,4,1,0,Student,0
648,2456.56,Medium,Medium,Email,35,57,17,0,0,Individual,0
649,2315.25,Medium,Medium,SMS,50,53,5,0,0,Individual,0
650,3056.97,Medium,Low,SMS,47,45,22,2,1,Student,0
651,3979.16,Medium,Medium,Email,56,12,16,0,1,Student,0
652,3401.25,Low,Medium,Email,36,13,9,2,4,Individual,1
653,2284.89,Medium,Low,SMS,24,56,10,0,4,Business,0
654,1614.78,Medium,High,SMS,44,10,24,0,1,Individual,0
655,4558.69,Low,High,SMS,50,33,18,0,1,Business,0
656,2547.37,Low,Medium,Call,55,57,17,0,1,Individual,0
657,2511.14,Medium,Medium,Call,54,40,18,1,0,Individual,0
658,2480.7,Medium,Medium,SMS,44,54,7,1,2,Student,0
659,2658.47,High,High,SMS,28,16,4,3,0,Student,0
660,2384.51,High,Medium,Call,24,45,26,1,0,Individual,0
661,2041.07,Medium,Medium,Call,53,35,5,4,3,Business,1
662,2062.51,Medium,High,Email,52,3,28,1,2,Student,0
663,2473.8,Medium,Low,SMS,39,56,23,0,1,Business,0
664,2065.26,Medium,High,SMS,28,5,16,1,2,Individual,0
665,1929.72,Low,Low,Email,22,26,3,1,0,Business,0
666,2585.14,Medium,Low,Email,35,11,26,2,0,Individual,0
667,2296.02,High,Low,SMS,53,7,18,2,1,Student,0
668,3703.19,Medium,High,Email,27,53,29,1,0,Business,1
669,379.22,Medium,High,SMS,31,56,23,3,3,Individual,1
670,3373.21,Medium,Medium,Email,28,10,21,1,4,Individual,0
671,3496.87,Low,Medium,Email,47,42,14,0,1,Student,0
672,841.29,Medium,Medium,SMS,55,52,15,1,0,Student,0
673,2225.85,Medium,High,Email,51,34,17,2,1,Business,1
674,2202.85,Low,Medium,Email,57,3,1,1,3,Business,0
675,1373.99,Low,Low,Call,42,8,25,1,1,Individual,0
676,1877.75,High,Low,Email,38,31,21,0,2,Individual,0
677,1611.54,Low,Medium,SMS,54,11,17,0,1,Individual,0
678,3901.82,Medium,Medium,Email,31,45,23,0,0,Business,0
679,3248.54,Low,Low,SMS,33,7,25,0,0,Business,0
680,3517.24,High,Low,Call,37,45,11,1,2,Individual,0
681,3077.34,Low,High,Email,53,2,17,1,1,Business,0
682,1596.76,Medium,Low,Email,36,6,26,1,1,Student,0
683,2080.38,High,Medium,SMS,48,41,14,0,0,Business,0
684,2891.5,High,High,Email,49,32,29,1,3,Business,1
685,1522.3,Low,Medium,Call,38,20,20,4,1,Student,0
686,3070.4,High,Low,Call,23,57,19,2,0,Individual,0
687,2307.74,Medium,Medium,SMS,57,34,21,0,1,Individual,0
688,2200.14,Medium,High,SMS,28,50,7,2,0,Business,1
689,3068.77,Low,Medium,Call,34,16,24,0,0,Individual,0
690,2855.41,Low,High,Call,36,25,13,1,0,Individual,0
691,2211.23,Medium,Low,SMS,46,12,18,1,2,Individual,0
692,3427.46,Medium,Medium,Email,44,7,23,1,0,Student,0
693,1635.15,Medium,Medium,Email,43,39,14,2,0,Individual,0
694,2992.75,Medium,High,Call,47,17,1,3,1,Individual,0
695,2974.48,Medium,Low,SMS,54,45,7,2,1,Individual,0
696,2252.36,Low,High,SMS,32,11,8,0,0,Individual,0
697,2760.91,Medium,Medium,Email,31,6,18,1,2,Business,0
698,1499.11,Low,Low,SMS,46,23,9,0,3,Individual,0
699,3239.22,Medium,Low,Email,58,27,1,1,2,Individual,1
700,2352.08,Medium,High,Email,59,46,29,2,1,Individual,1
701,2081.82,High,Low,Email,45,6,22,2,0,Individual,0
702,3339.21,Low,Low,Email,54,38,17,0,0,Individual,0
703,1936.53,Low,Low,Email,38,2,19,0,0,Student,0
704,1373.23,Low,High,SMS,45,22,27,1,2,Business,0
705,1254.7,Low,Medium,Email,58,20,6,0,0,Individual,0
706,2984.81,Low,Medium,Call,23,25,3,0,2,Individual,0
707,1475.66,High,Low,Email,53,15,24,2,3,Individual,0
708,3903.84,Low,Medium,SMS,45,49,5,0,2,Individual,1
709,834.46,Low,Medium,SMS,30,29,2,0,0,Business,0
710,3857.17,Medium,High,SMS,25,8,20,2,0,Individual,0
711,2668.81,Medium,High,Email,38,37,25,2,0,Business,1
712,2422.63,Medium,Low,Email,38,49,4,3,2,Student,1
713,2064.06,Low,Medium,Email,51,52,10,1,0,Individual,0
714,2819.31,Medium,Low,SMS,32,33,10,2,3,Student,0
715,2469.89,Low,Medium,SMS,42,22,24,1,1,Individual,0
716,3382.64,Low,Low,Email,42,50,21,2,1,Individual,1
717,2591.38,High,Low,Email,39,47,11,1,1,Individual,0
718,2620.24,Low,Low,SMS,50,5,27,3,1,Student,0
719,2209.11,Medium,Medium,Email,45,39,16,1,1,Student,0
720,2454.44,Medium,Low,SMS,31,18,26,1,1,Business,0
721,2746.24,Medium,Medium,Call,38,38,29,4,0,Individual,0
722,1131.87,High,Medium,Call,39,54,29,0,0,Individual,0
723,1421.45,Low,Low,SMS,41,53,17,2,2,Business,0
724,3094.61,Medium,Medium,SMS,58,37,16,2,2,Individual,1
725,2636.69,High,Low,Email,39,30,7,1,1,Student,0
726,2352.81,Medium,Medium,SMS,38,51,16,4,2,Individual,0
727,2514.75,High,Medium,Email,30,31,3,2,1,Individual,1
728,2778.07,Low,Low,Call,35,10,26,4,0,Individual,0
729,2068.19,Medium,Low,Email,50,15,16,0,1,Individual,0
730,1877.36,Low,Low,Call,52,42,8,1,0,Business,0
731,2656.68,Medium,High,Email,25,59,12,3,1,Individual,1
732,1717.3,High,Medium,SMS,39,48,3,3,3,Student,1
733,2826.6,Low,Medium,Email,41,44,17,1,0,Individual,0
734,1137.93,Medium,Medium,Email,30,18,21,0,1,Business,0
735,3323.32,Low,Low,Email,34,23,18,1,1,Business,0
736,2878.08,Medium,Medium,SMS,36,33,11,2,0,Business,0
737,2704.82,Medium,Medium,SMS,48,16,4,2,0,Individual,0
738,3286.15,High,Low,Call,36,54,16,2,1,Individual,0
739,3832.38,Medium,Low,SMS,49,38,17,1,0,Business,0
740,3311.5,Medium,Low,Call,58,35,9,1,2,Student,1
741,1027.3,Low,Medium,Call,40,34,6,3,0,Individual,0
742,1476.34,Low,High,Email,47,28,24,3,3,Individual,1
743,2000.15,Low,Low,Email,47,2,27,2,1,Student,0
744,2520.87,Low,Medium,Email,46,30,20,3,0,Business,0
745,2914.13,High,Low,Call,47,13,25,2,3,Student,0
746,1919.4,Medium,High,SMS,47,41,2,2,0,Business,1
747,2649.41,Medium,Low,Email,49,16,9,1,3,Individual,0
748,1895.69,Low,Medium,Email,39,59,28,0,0,Student,0
749,2010.79,High,Medium,Email,53,5,21,1,1,Student,0
750,1374.67,Medium,Medium,Email,24,55,29,2,3,Individual,1
751,1761.41,Low,Medium,Email,23,28,6,3,1,Individual,1
752,1418.65,Medium,Low,Email,54,53,3,2,1,Individual,1
753,1719.3,Medium,Low,Call,40,39,20,1,1,Student,0
754,3342.91,Low,Low,SMS,38,45,6,1,1,Business,0
755,1740.48,Medium,Low,Call,54,20,7,0,0,Student,0
756,4605.91,Medium,Medium,Email,33,24,1,0,1,Individual,0
757,2894.65,Low,Low,Call,24,27,23,3,2,Individual,0
758,2647.87,High,Low,Email,47,30,1,1,1,Individual,0
759,1813.31,High,Medium,Email,56,58,5,2,0,Individual,1
760,3060.25,Medium,High,SMS,29,45,6,2,2,Student,1
761,2039.49,Medium,Medium,Call,57,27,13,1,1,Individual,0
762,2597.61,Medium,Low,SMS,28,26,2,1,1,Student,0
763,4548.07,Medium,Low,Call,57,7,15,2,3,Business,0
764,2423.15,Medium,High,Call,37,42,15,2,1,Individual,0
765,3419.42,Low,Low,SMS,45,47,13,1,1,Student,0
766,1937.46,Medium,Low,SMS,22,53,26,2,1,Individual,0
767,2472.01,High,Medium,Email,46,59,25,1,1,Individual,0
768,3916.64,Medium,Medium,SMS,31,38,14,0,1,Individual,0
769,1998.43,Low,Medium,Call,37,5,26,0,2,Student,0
770,3949.96,Medium,Low,SMS,37,23,22,0,1,Student,0
771,3066.2,Low,Low,SMS,29,28,7,4,1,Business,1
772,2050.03,Low,High,Call,50,34,14,3,2,Student,1
773,3005.93,Low,Low,Email,49,53,26,3,0,Individual,1
774,3278.04,Medium,Medium,Call,27,15,24,0,0,Business,0
775,2997.45,Medium,Medium,Email,37,32,27,2,1,Student,0
776,1243.82,Medium,Medium,Email,41,26,29,2,1,Individual,0
777,1918.29,Low,Low,Email,37,48,10,2,1,Student,0
778,2301.99,High,Low,Email,28,31,17,3,1,Business,0
779,2440.45,High,Medium,Email,35,19,14,2,3,Business,0
780,2996.54,High,High,Email,47,9,8,1,0,Individual,0
781,2642.16,Low,High,Email,47,29,4,1,3,Business,1
782,1431.72,Medium,Low,SMS,35,54,26,0,1,Individual,0
783,2804.16,High,Low,Email,28,58,16,1,2,Business,0
784,2988.47,Medium,High,SMS,54,51,24,1,1,Individual,0
785,2947.83,Low,Medium,Email,47,39,13,1,1,Business,0
786,3364.62,Low,High,SMS,41,4,22,0,1,Business,0
787,3167.14,Medium,Low,Email,24,3,27,0,2,Individual,0
788,2867.34,High,Medium,Email,25,56,25,2,0,Business,0
789,2443.87,Medium,Medium,SMS,47,29,27,3,1,Individual,0
790,1171.23,Medium,Medium,SMS,32,52,20,1,1,Student,0
791,2843.69,Low,Medium,SMS,23,11,18,2,1,Individual,0
792,2666.15,Medium,Low,Email,35,33,14,1,0,Student,0
793,2717.26,High,Medium,Call,51,38,18,2,0,Business,0
794,1478.6,Medium,Low,SMS,33,58,5,1,1,Business,0
795,1635.15,Medium,Medium,Email,47,11,26,2,3,Student,0
796,3342.52,High,High,Email,54,27,9,1,0,Individual,1
797,2468.36,Low,Low,Email,34,33,28,1,1,Individual,0
798,3045.2,Medium,High,Call,35,21,3,2,1,Individual,1
799,2522.65,Low,Low,Email,45,39,8,2,1,Individual,1
800,2523.8,Medium,Medium,Email,55,31,20,2,1,Business,0
801,3250.63,Medium,High,SMS,47,38,22,1,1,Individual,0
802,2087.16,Medium,Low,SMS,42,46,10,1,2,Individual,0
803,2576.9,Medium,Low,SMS,49,2,22,0,2,Individual,0
804,2130.18,Medium,Medium,SMS,57,27,19,2,1,Student,0
805,2152.4,High,Low,Email,23,36,21,3,1,Individual,0
806,2252.66,Medium,Medium,Email,30,11,28,1,2,Business,0
807,2677.71,Low,High,Email,44,47,3,1,1,Student,1
808,2117.0,Medium,Medium,SMS,36,18,11,0,0,Individual,0
809,3504.6,Medium,Low,SMS,34,59,11,0,5,Individual,0
810,1784.31,Medium,Medium,Email,44,1,17,0,2,Business,0
811,2350.5,High,Medium,Call,38,35,16,0,2,Business,0
812,2148.22,High,Low,SMS,23,35,7,0,2,Individual,0
813,3657.58,Low,Medium,Call,41,31,4,2,2,Individual,1
814,2657.24,High,Medium,Email,41,28,23,2,3,Student,1
815,3325.48,Low,Medium,Email,24,39,19,2,1,Student,1
816,1311.55,Low,Low,Email,33,1,12,1,2,Student,0
817,2713.64,Low,Medium,SMS,23,25,15,1,0,Individual,0
818,3211.7,High,Low,SMS,57,43,11,1,5,Individual,0
819,2565.83,Medium,Low,Email,35,38,5,1,1,Individual,0
820,3352.38,Low,High,Email,37,20,5,0,2,Business,1
821,2086.17,Medium,Medium,Call,40,3,15,2,1,Business,0
822,3627.48,Medium,Low,Email,55,51,29,1,0,Individual,0
823,4339.12,Low,Low,SMS,27,2,18,0,0,Student,0
824,2209.73,High,Low,Email,34,18,11,0,0,Business,0
825,2143.6,High,Low,SMS,57,44,26,1,0,Business,0
826,3662.71,Medium,Low,Email,43,10,12,0,1,Student,0
827,3763.66,High,Low,Email,39,5,2,1,0,Business,0
828,2081.71,Medium,Medium,Call,33,9,20,1,2,Individual,0
829,2163.85,High,Medium,Email,51,2,15,2,2,Individual,0
830,2274.57,Medium,Medium,Email,28,34,20,1,0,Business,0
831,1424.44,Medium,Medium,Email,53,38,4,1,3,Student,1
832,1765.08,Low,Low,Call,40,31,22,0,1,Business,0
833,1696.69,High,High,SMS,27,10,18,2,0,Individual,0
834,1885.76,Medium,High,SMS,41,50,6,1,1,Business,0
835,2472.25,Low,High,SMS,48,12,23,2,1,Business,0
836,2687.37,Low,High,SMS,58,36,27,2,1,Business,0
837,3740.4,Medium,High,Email,28,54,26,0,1,Business,1
838,1701.32,Medium,Medium,Email,26,21,19,3,1,Business,0
839,3287.46,Medium,Low,Email,32,49,11,0,0,Individual,0
840,2328.81,High,Medium,SMS,36,47,28,2,2,Individual,0
841,2460.43,Low,Medium,Email,24,6,24,1,1,Individual,0
842,3039.86,Medium,Medium,Email,26,48,2,1,1,Individual,1
843,1601.82,Low,Medium,Email,44,49,27,5,1,Student,0
844,2805.93,High,Low,Email,58,3,8,2,3,Student,1
845,2633.16,High,Low,Email,30,10,29,2,1,Individual,0
846,2893.96,Medium,High,SMS,36,5,11,1,3,Student,0
847,2731.33,Medium,Medium,SMS,24,46,5,0,4,Individual,0
848,4464.24,Medium,Medium,Call,50,26,18,1,0,Individual,0
849,1989.81,Medium,Low,Call,27,21,23,1,1,Individual,0
850,2075.2,High,Low,Email,38,45,18,2,1,Individual,0
851,2001.49,Medium,High,SMS,47,26,14,2,3,Individual,1
852,2055.62,Medium,Medium,Email,42,38,22,0,1,Individual,0
853,1990.09,Medium,Medium,Email,29,44,10,3,1,Student,0
854,3451.21,High,Medium,Email,42,26,3,1,1,Student,1
855,3636.4,Medium,Medium,SMS,32,8,9,0,2,Individual,0
856,2043.4,Low,Low,SMS,59,5,3,3,2,Individual,0
857,1834.12,Medium,Medium,Email,29,15,11,2,0,Business,0
858,2877.13,High,Medium,Email,45,59,12,0,1,Business,0
859,2058.22,Low,Medium,SMS,56,16,12,0,0,Individual,0
860,3006.35,Low,Medium,SMS,35,1,3,3,2,Individual,1
861,2662.34,Low,High,Email,35,16,21,0,0,Business,0
862,1287.4,Medium,Low,Call,31,37,7,4,1,Student,0
863,3738.0,Medium,High,Call,33,3,14,2,2,Individual,1
864,3936.7,Medium,Low,Email,59,52,24,1,0,Individual,0
865,2009.77,Medium,Medium,Email,55,47,28,0,0,Business,0
866,2189.84,Medium,Low,SMS,31,31,11,0,0,Business,0
867,2728.69,Medium,Low,Email,38,13,7,0,0,Student,0
868,2767.57,High,Medium,Email,38,56,25,1,1,Individual,0
869,3026.84,Medium,Low,Email,24,16,21,2,2,Student,1
870,4108.16,High,Medium,Email,52,55,10,0,0,Student,0
871,2358.44,Medium,High,SMS,22,43,11,2,0,Individual,0
872,1861.36,Low,Low,SMS,33,21,15,4,0,Business,0
873,1396.54,Medium,Medium,Email,25,2,19,1,1,Student,0
874,1915.26,Medium,Medium,SMS,34,54,16,1,2,Student,0
875,2473.5,Medium,Medium,SMS,55,27,22,1,2,Individual,0
876,3935.65,Low,Low,Call,42,38,21,4,0,Individual,0
877,2085.91,Low,Low,Email,43,26,28,3,1,Individual,0
878,2679.03,High,Low,Email,25,58,20,2,1,Individual,0
879,2486.86,Low,Low,Call,39,59,12,3,2,Individual,0
880,3450.71,High,Low,Call,26,38,18,4,2,Student,1
881,4521.55,Low,Medium,Email,40,46,23,3,2,Individual,1
882,2075.3,Medium,High,Call,23,25,13,2,2,Business,1
883,2108.45,Medium,High,Email,33,11,5,1,0,Individual,0
884,3335.33,Medium,Medium,Email,38,8,4,1,1,Business,0
885,3045.51,Medium,Low,Email,31,8,28,0,3,Business,0
886,3977.37,Low,Low,Email,55,33,14,1,1,Student,0
887,2967.14,Low,Low,Email,27,53,8,1,1,Business,0
888,2212.57,Medium,Low,Email,29,7,9,2,1,Business,0
889,2972.52,Medium,Medium,SMS,32,38,25,2,0,Individual,0
890,3386.96,High,Medium,Email,33,21,19,0,4,Individual,0
891,3156.39,High,Low,SMS,30,8,3,1,2,Individual,0
892,2905.82,Medium,Low,Email,23,51,5,2,0,Business,1
893,3353.34,Medium,High,Email,29,54,21,0,1,Business,1
894,3435.44,Medium,Medium,Email,32,21,26,1,2,Business,0
895,3605.73,Low,Low,Email,57,56,18,1,1,Individual,0
896,3018.97,High,High,Call,31,20,1,0,1,Business,0
897,2366.31,Medium,High,Email,42,8,8,2,1,Student,1
898,2617.37,Medium,Low,Email,41,58,19,2,1,Individual,0
899,3465.21,Low,Low,Email,29,46,17,1,0,Business,0
900,1846.45,Medium,Medium,SMS,57,31,17,1,0,Individual,0
901,2794.94,Medium,High,SMS,50,50,11,5,2,Individual,1
902,2185.33,High,High,SMS,33,57,2,4,3,Individual,1
903,2523.0,Medium,Low,Email,35,29,6,2,0,Business,1
904,3522.76,Medium,Low,Email,42,48,22,0,2,Individual,1
905,2652.88,High,Medium,Call,43,9,14,1,2,Individual,0
906,2537.15,Low,Medium,SMS,42,15,3,1,3,Student,0
907,1412.12,Medium,Low,SMS,51,30,12,2,1,Business,0
908,3097.0,Low,High,Call,41,26,4,0,1,Individual,1
909,3016.39,Medium,Medium,SMS,45,10,12,0,2,Individual,0
910,4230.6,High,High,Email,44,29,13,3,2,Student,1
911,2253.78,Low,High,Email,28,54,2,1,0,Student,1
912,2675.32,High,Medium,Email,30,16,2,1,3,Business,0
913,2699.51,Low,Medium,SMS,22,36,15,0,0,Business,0
914,3761.96,High,Medium,SMS,47,20,23,1,1,Individual,0
915,2423.76,Medium,Low,SMS,59,45,29,2,0,Business,0
916,2723.22,High,Medium,Email,59,54,17,0,2,Individual,0
917,2986.32,Low,Low,Email,43,37,7,1,0,Business,0
918,2649.29,High,Medium,SMS,31,22,28,2,4,Individual,0
919,2142.85,Medium,Low,Email,27,7,14,1,1,Student,0
920,2655.27,Medium,Low,Call,38,23,12,2,1,Student,0
921,3358.91,High,Low,SMS,59,41,17,0,3,Individual,0
922,1678.79,Low,Low,Email,45,40,14,2,0,Individual,0
923,2606.38,High,Medium,Email,31,29,6,3,1,Student,1
924,1939.9,Low,Medium,SMS,29,16,19,2,4,Business,0
925,3456.04,Medium,Medium,Email,42,38,24,3,1,Individual,1
926,1281.45,Medium,Low,Email,27,28,6,3,1,Individual,1
927,2052.86,Low,Low,Call,42,48,27,3,1,Business,0
928,2801.77,Low,Low,Call,45,38,18,2,1,Individual,0
929,3752.42,Low,Low,Email,54,31,24,1,3,Business,1
930,2447.4,Medium,High,Email,39,14,5,0,0,Individual,0
931,2055.84,Medium,Low,Email,49,53,24,0,2,Business,0
932,4004.93,Medium,Low,Email,53,33,24,1,1,Individual,0
933,1341.59,Low,Low,Email,33,57,6,0,0,Business,0
934,740.96,Low,Low,SMS,48,9,2,2,7,Student,0
935,2852.01,Medium,Medium,Email,31,57,8,3,2,Individual,1
936,2098.36,Low,Medium,Email,53,27,15,2,1,Individual,0
937,1683.01,High,Low,Email,47,24,15,2,1,Individual,0
938,3066.69,High,Low,Call,46,13,11,1,0,Individual,0
939,2695.04,Medium,Low,SMS,32,26,22,0,2,Business,0
940,2048.74,Medium,Low,Email,44,29,22,1,0,Individual,0
941,1475.76,High,Low,SMS,55,51,24,2,0,Business,0
942,3197.97,Low,High,Email,44,49,1,3,0,Business,1
943,3020.16,Low,Medium,Email,50,43,18,1,1,Individual,0
944,2420.66,Low,Medium,Email,52,28,12,1,1,Business,0
945,3977.31,Medium,Medium,Email,28,28,12,1,0,Individual,0
946,1643.93,Low,Medium,Email,54,8,25,1,0,Individual,0
947,1279.58,Medium,Medium,Email,42,23,11,2,0,Individual,0
948,1946.47,High,Medium,Email,23,29,28,0,3,Individual,0
949,2463.53,High,Medium,Email,39,5,8,3,0,Individual,0
950,2694.67,Medium,Low,Call,54,42,28,2,2,Individual,0
951,2307.01,Low,Medium,SMS,58,7,7,2,2,Individual,0
952,2781.64,High,Medium,SMS,55,42,23,1,1,Business,0
953,1498.77,Medium,High,Email,41,36,21,2,1,Individual,1
954,3655.01,Low,Medium,Call,56,41,2,3,1,Individual,1
955,2434.28,Low,Medium,Email,39,27,11,1,1,Individual,0
956,3393.84,High,Low,SMS,45,58,22,3,4,Student,1
957,2774.18,Medium,Medium,Email,29,46,10,0,1,Student,0
958,2865.4,High,Low,Email,51,2,3,3,1,Business,0
959,2955.81,High,Low,SMS,31,25,20,3,1,Business,0
960,2858.17,Medium,Low,Email,44,9,29,2,2,Business,0
961,3014.18,Medium,Medium,Call,32,53,10,1,1,Business,0
962,3563.32,Medium,Low,Email,23,27,28,1,1,Business,0
963,2657.22,Medium,Low,Email,47,1,27,2,3,Individual,0
964,3067.2,Medium,High,Email,57,23,18,1,0,Student,0
965,2428.21,Medium,Low,SMS,54,10,14,3,0,Individual,0
966,3652.09,Medium,Medium,Call,34,42,18,4,0,Business,0
967,1958.89,High,Medium,Email,46,52,28,3,0,Individual,0
968,3940.75,Medium,Low,Email,25,25,24,1,1,Individual,0
969,2467.87,Medium,Medium,Email,40,54,8,1,3,Student,1
970,1355.38,Medium,Low,Email,39,3,10,1,1,Student,0
971,2602.48,Medium,Medium,Email,58,6,22,1,0,Student,0
972,1955.16,Medium,Medium,SMS,51,58,13,1,1,Individual,0
973,3172.51,Low,Medium,Call,40,6,21,1,3,Individual,0
974,1977.9,Medium,Medium,Call,44,53,8,1,0,Business,0
975,2143.05,Low,Low,Email,37,2,4,1,2,Individual,0
976,988.37,Medium,Low,Call,22,58,27,4,0,Business,0
977,2138.15,Medium,Medium,SMS,33,58,4,0,0,Individual,0
978,560.9,Medium,Medium,Email,45,18,5,3,1,Individual,0
979,1232.88,High,High,Email,55,23,1,1,1,Business,0
980,3108.33,Medium,High,Email,29,2,17,2,3,Business,1
981,3128.64,Medium,High,Email,39,12,2,2,0,Business,1
982,2840.37,Medium,Medium,Email,26,22,8,1,1,Business,0
983,1726.42,Medium,Low,SMS,47,37,7,1,2,Business,0
984,2461.83,Low,Medium,Email,51,20,15,3,1,Business,0
985,2497.12,Low,Medium,SMS,34,39,26,1,1,Business,0
986,1573.31,Medium,Low,Email,40,24,25,1,1,Business,0
987,3702.72,Medium,High,SMS,50,48,5,1,1,Student,1
988,3201.89,Low,High,SMS,24,20,2,0,0,Individual,0
989,2323.23,Low,Medium,Email,47,1,7,0,2,Business,0
990,2521.51,Low,Low,Email,33,1,8,1,1,Individual,0
991,2666.71,High,Low,Call,23,17,28,2,1,Student,0
992,866.61,Medium,High,Email,32,59,7,1,2,Individual,1
993,2302.26,Medium,High,Email,49,1,7,2,0,Business,1
994,1954.41,Low,Low,Call,39,53,28,1,0,Individual,0
995,1698.7,Medium,Low,Email,34,52,14,0,0,Individual,0
996,2275.12,Low,High,SMS,58,45,21,1,2,Individual,0
997,3938.15,Low,Low,Email,43,30,18,3,4,Individual,1
998,3012.67,Medium,Medium,Call,33,41,6,2,0,Student,1
999,2043.06,Low,High,Email,23,47,4,1,0,Student,1
1000,2958.07,Low,Low,SMS,58,3,10,2,0,Individual,0
